"document_id","chunk_number","model_type","model_name","parsed_successfully","raw_output"
"34",1,"deepseek","deepseek-chat",True,"Understood. Since you haven't provided a specific document for analysis, I'll return a null response as instructed. Here's the structured output:

```json
{
  ""document_metadata"": {
    ""title"": null,
    ""document_number"": null,
    ""type_of_wind_farm"": null
  },
  ""regulatory_constraints"": null,
  ""regulatory_entities"": null
}
```

When you provide a technical or regulatory document related to offshore wind farms, I'll analyze it and extract the relevant regulatory entities and constraints according to the specified JSON structure. The analysis will focus specifically on:
- Formal regulatory requirements (not guidance or recommendations)
- Standards with compliance requirements
- Jurisdictional authorities
- Quantifiable technical or environmental constraints

Please share the document you'd like analyzed, and I'll provide the structured extraction."
"34",2,"deepseek","deepseek-chat",True,"Understood. Since you haven't provided a specific document for analysis, I'll return a null response as instructed. Here's the structured output:

```json
{
  ""document_metadata"": {
    ""title"": null,
    ""document_number"": null,
    ""type_of_wind_farm"": null
  },
  ""regulatory_constraints"": null,
  ""regulatory_entities"": null
}
```

When you provide a technical or regulatory document related to offshore wind farms, I'll analyze it and extract the relevant regulatory entities and constraints according to the specified JSON structure. Please share the document you'd like me to process, and I'll provide a detailed extraction of the regulatory information it contains.

For optimal results, the document should be:
1) Specifically about offshore wind energy
2) Contain actual regulations or standards
3) Preferably an official regulatory document or technical standard

Would you like to provide a document for analysis now?"
"34",3,"deepseek","deepseek-chat",True,"Understood. Since you haven't provided a specific document for analysis, I'll return a null response as instructed. Here's the structured output:

```json
{
  ""document_metadata"": {
    ""title"": null,
    ""document_number"": null,
    ""type_of_wind_farm"": null
  },
  ""regulatory_constraints"": null,
  ""regulatory_entities"": null
}
```

When you provide a document, I'll analyze it and extract the relevant regulatory information according to the specified format. Please share the document text or key excerpts you'd like analyzed, and I'll return a properly structured response with any identified regulatory entities and constraints.

For offshore wind farm documents, I'll specifically focus on:
- International maritime regulations
- Federal/state coastal zone management rules
- Technical standards for offshore structures
- Environmental protections for marine ecosystems
- Safety requirements for offshore operations

I'll exclude any onshore zoning ordinances or land-use policies that don't apply to offshore developments."
"34",4,"deepseek","deepseek-chat",True,"Understood. Since no specific document has been provided for analysis, I'll return a null response as per the instructions. Here is the structured output:

```json
{
  ""document_metadata"": {
    ""title"": null,
    ""document_number"": null,
    ""type_of_wind_farm"": null
  },
  ""regulatory_constraints"": null,
  ""regulatory_entities"": null
}
```

When you provide a document or text excerpt containing regulatory or technical information about offshore wind farms, I will analyze it and extract the relevant structured data according to the specified format. 

Please share the document or text you'd like analyzed, and I'll process it immediately. For offshore wind farm regulations, I'll focus on:
- International/national maritime laws
- Environmental impact assessments 
- Technical standards (e.g., IEC 61400 series)
- Safety requirements (e.g., aviation lighting)
- Grid connection specifications
- Decommissioning rules

Let me know how you'd like to proceed."
"34",5,"deepseek","deepseek-chat",True,"Understood. Since you haven't provided a specific document for analysis, I'll return a null response as instructed. Here's the structured output:

```json
{
  ""document_metadata"": {
    ""title"": null,
    ""document_number"": null,
    ""type_of_wind_farm"": null
  },
  ""regulatory_constraints"": null,
  ""regulatory_entities"": null
}
```

When you provide a document, I'll analyze it and extract the relevant regulatory information according to the specified format. Please share the document you'd like analyzed, and I'll process it to identify:
1. Concrete regulatory constraints with their specific requirements
2. Authoritative regulatory entities with their jurisdictions and roles
3. All metadata about the source document

For offshore wind farm documents, I'll particularly focus on:
- Marine spatial planning regulations
- Grid connection technical standards
- Environmental impact mitigation requirements
- Safety standards for offshore operations
- Relevant international maritime regulations"
"34",6,"deepseek","deepseek-chat",True,"Understood. Since you haven't provided a specific document for analysis, I'll return a null response as instructed. Here's the structured output:

```json
{
  ""document_metadata"": {
    ""title"": null,
    ""document_number"": null,
    ""type_of_wind_farm"": null
  },
  ""regulatory_constraints"": null,
  ""regulatory_entities"": null
}
```

When you provide a specific technical or regulatory document related to offshore wind farms, I'll analyze it and extract the relevant regulatory entities and constraints according to the specified JSON structure. The analysis will focus exclusively on:
1) Clear regulatory requirements with specific constraints or standards
2) Official regulatory bodies with authority over wind farm projects
3) Offshore-specific regulations (excluding zoning ordinances)

Please share the document you'd like analyzed, and I'll provide the structured extraction."
"34",7,"deepseek","deepseek-chat",True,"Understood! Since you haven't provided a specific document for analysis, I'll return a null response as instructed. Here's the structured output:

```json
{
  ""document_metadata"": {
    ""title"": null,
    ""document_number"": null,
    ""type_of_wind_farm"": null
  },
  ""regulatory_constraints"": null,
  ""regulatory_entities"": null
}
```

When you provide a document (text, PDF, or other format), I will analyze it and extract the relevant regulatory entities and constraints according to the specified JSON schema. 

Key things I'll look for in documents:
- Explicit rules with ""shall"", ""must"", or ""required"" language
- Standards references (e.g., ""shall comply with IEC 61400-3"")
- Numerical limits (e.g., ""minimum clearance of 22m above MHWS"")
- Named regulatory bodies and their jurisdictions
- Geographic or technical scoping clauses

Please share the document you'd like analyzed, and I'll provide a complete extraction."
"34",8,"deepseek","deepseek-chat",True,"Understood. Since you haven't provided a specific document for analysis, I'll return a null response as instructed. Here's the structured output:

```json
{
  ""document_metadata"": {
    ""title"": null,
    ""document_number"": null,
    ""type_of_wind_farm"": null
  },
  ""regulatory_constraints"": null,
  ""regulatory_entities"": null
}
```

When you provide a document or specific content to analyze, I'll extract the relevant regulatory information according to the specified format and instructions. Please share the document text or content you'd like me to process, and I'll return a properly structured analysis focused on offshore wind farm regulations."
"34",9,"deepseek","deepseek-chat",True,"Understood! I'll analyze any document you provide and extract the relevant regulatory entities and constraints in the specified JSON format. 

To proceed, please provide:
1. The document text or a clear excerpt containing regulatory information
2. Any available metadata (title, document number, etc.)

Without an actual document to analyze, I can only provide a null response per instruction #2:

```json
{
  ""document_metadata"": {
    ""title"": null,
    ""document_number"": null,
    ""type_of_wind_farm"": null
  },
  ""regulatory_constraints"": null,
  ""regulatory_entities"": null
}
```

When you share a document, I'll:
- Strictly filter for actionable regulations (not guidance or recommendations)
- Clearly distinguish between constraint types (spatial/technical/environmental etc.)
- Capture numerical values with units where specified
- Identify authoritative sources for each requirement
- Exclude irrelevant content like zoning ordinances for offshore projects

Please provide the document you'd like analyzed."
"34",10,"deepseek","deepseek-chat",True,"Understood! I'll analyze any technical document you provide related to offshore wind farm planning, construction, or operation and extract the relevant regulatory entities and constraints in the specified JSON format.  

Since you haven't provided a specific document yet, here’s an example of how I would structure the output if given a regulatory document:  

### **Example Output (for illustration only)**  
```json
{
  ""document_metadata"": {
    ""title"": ""Offshore Wind Energy Development Guidelines"",
    ""document_number"": ""OWED-2023-001"",
    ""type_of_wind_farm"": ""Offshore""
  },
  ""regulatory_constraints"": [
    {
      ""type"": ""Environmental"",
      ""requirement"": ""Wind turbines must maintain a minimum distance of 1 km from known marine mammal migration routes."",
      ""scope"": ""North Atlantic offshore wind lease areas"",
      ""numerical_value"": ""1"",
      ""unit"": ""km"",
      ""source"": ""Bureau of Ocean Energy Management (BOEM)"",
      ""related_domains"": [""wildlife protection"", ""marine ecosystems""]
    },
    {
      ""type"": ""Technical"",
      ""requirement"": ""All offshore wind structures must comply with ISO 19901-5 for structural integrity under cyclic loading."",
      ""scope"": ""Global offshore wind installations"",
      ""numerical_value"": null,
      ""unit"": null,
      ""source"": ""International Organization for Standardization (ISO)"",
      ""related_domains"": [""structural engineering"", ""safety""]
    }
  ],
  ""regulatory_entities"": [
    {
      ""entity_name"": ""Bureau of Ocean Energy Management (BOEM)"",
      ""jurisdiction"": ""Federal (USA)"",
      ""role"": ""Oversees offshore wind leasing and permitting""
    },
    {
      ""entity_name"": ""International Organization for Standardization (ISO)"",
      ""jurisdiction"": ""International"",
      ""role"": ""Sets technical standards for offshore wind structures""
    }
  ]
}
```

### **Next Steps**  
Please provide the document (text, PDF, or link) you'd like me to analyze, and I will extract the relevant regulatory information in the specified format.  

If the document contains no enforceable regulations, I will return:  
```json
{
  ""document_metadata"": {},
  ""regulatory_constraints"": null,
  ""regulatory_entities"": null
}
```  

Let me know how you'd like to proceed!"
"34",11,"deepseek","deepseek-chat",True,"Understood. Since you haven't provided a specific document for analysis, I'll return a null response as per instruction #2. Here's the structured output:

```json
{
  ""document_metadata"": {
    ""title"": null,
    ""document_number"": null,
    ""type_of_wind_farm"": null
  },
  ""regulatory_constraints"": null,
  ""regulatory_entities"": null
}
```

When you provide a technical document related to offshore wind farm regulations, I'll analyze it and extract the relevant regulatory entities and constraints according to the specified JSON structure. The analysis will focus exclusively on:
1) Formal regulatory requirements with clear compliance obligations
2) Authoritative bodies with regulatory jurisdiction
3) Technical standards with direct applicability to offshore wind projects

Please share the document you'd like analyzed, and I'll provide the structured extraction."
"34",12,"deepseek","deepseek-chat",True,"Understood. Since you haven't provided a specific document for analysis, I'll return a null response as instructed. Here's the structured output:

```json
{
  ""document_metadata"": {
    ""title"": null,
    ""document_number"": null,
    ""type_of_wind_farm"": null
  },
  ""regulatory_constraints"": null,
  ""regulatory_entities"": null
}
```

When you provide a document, I'll analyze it and extract the relevant regulatory entities and constraints according to the specified format. My analysis will focus exclusively on:
- Clear regulatory requirements with specific constraints
- Official standards and specifications
- Authoritative regulatory bodies
- Directly applicable rules for offshore wind farm development

Please share the document you'd like analyzed, and I'll provide the structured extraction."
"34",13,"deepseek","deepseek-chat",True,"Understood. Since you haven't provided a specific document for analysis, I'll return a null response as instructed. Here's the structured output:

```json
{
  ""document_metadata"": {
    ""title"": null,
    ""document_number"": null,
    ""type_of_wind_farm"": null
  },
  ""regulatory_constraints"": null,
  ""regulatory_entities"": null
}
```

When you provide a technical or regulatory document related to offshore wind farms, I'll analyze it and extract the relevant regulatory entities and constraints in the specified structured format. The analysis will focus specifically on:
- Formal regulatory requirements (not guidance or recommendations)
- Technical standards with compliance implications
- Jurisdictional boundaries and authorities
- Quantifiable environmental or safety constraints

Please share the document you'd like analyzed, and I'll provide the structured extraction."
"34",14,"deepseek","deepseek-chat",True,"Understood. Since you haven't provided a specific document for analysis, I'll return a null response as per instruction #2. Here's the structured output:

```json
{
  ""document_metadata"": {
    ""title"": null,
    ""document_number"": null,
    ""type_of_wind_farm"": null
  },
  ""regulatory_constraints"": null,
  ""regulatory_entities"": null
}
```

When you provide a technical or regulatory document related to offshore wind farms, I'll analyze it and extract the relevant regulatory entities and constraints according to the specified JSON structure. Please share the document text you'd like analyzed, and I'll return the properly structured information.

For offshore wind projects, I'll focus particularly on:
- Maritime spatial planning regulations
- International shipping lane requirements
- Marine wildlife protection measures
- Grid connection standards
- Offshore construction safety protocols
- International waters jurisdiction issues"
"34",15,"deepseek","deepseek-chat",True,"Understood. Since you haven't provided a specific document for analysis, I'll return a null response as instructed. When you provide a document, I'll analyze it and extract the relevant regulatory information in the specified JSON format.

```json
{
  ""document_metadata"": {
    ""title"": null,
    ""document_number"": null,
    ""type_of_wind_farm"": null
  },
  ""regulatory_constraints"": null,
  ""regulatory_entities"": null
}
```

Please provide the technical or regulatory document you'd like analyzed, and I'll extract the relevant information according to your specifications."
"34",16,"deepseek","deepseek-chat",True,"Understood! Please provide the technical document or text you'd like me to analyze, and I will extract the relevant regulatory and technical information in the specified JSON format.  

If no document is provided, here is an example of the output structure with null values (per instruction #2):  

```json
{
  ""document_metadata"": {
    ""title"": null,
    ""document_number"": null,
    ""type_of_wind_farm"": null
  },
  ""regulatory_constraints"": null,
  ""regulatory_entities"": null
}
```

Once you share the document, I will parse it and return structured data, including:  
- **Regulatory constraints** (e.g., spatial setbacks, noise limits, turbine height restrictions).  
- **Regulatory entities** (e.g., BOEM, IMO, DNV).  

Let me know how you'd like to proceed!"
"34",17,"deepseek","deepseek-chat",True,"Understood. Since you haven't provided a specific document for analysis, I'll return a null response as per instruction #2.  

```json
{
  ""document_metadata"": {
    ""title"": null,
    ""document_number"": null,
    ""type_of_wind_farm"": null
  },
  ""regulatory_constraints"": null,
  ""regulatory_entities"": null
}
```

If you provide a document (text, PDF, or other extractable content), I can analyze it and return structured regulatory data in the requested format. Let me know how you'd like to proceed!  

**Example of a potential output if a document were provided:**  
*(Hypothetical based on common offshore wind regulations)*  

```json
{
  ""document_metadata"": {
    ""title"": ""BOEM Renewable Energy Regulations"",
    ""document_number"": ""30 CFR Part 585"",
    ""type_of_wind_farm"": ""Offshore""
  },
  ""regulatory_constraints"": [
    {
      ""type"": ""Environmental"",
      ""requirement"": ""Lessees must conduct pre-construction surveys for marine mammals and submit mitigation plans"",
      ""scope"": ""U.S. Outer Continental Shelf"",
      ""numerical_value"": null,
      ""unit"": null,
      ""source"": ""BOEM 30 CFR §585.627"",
      ""related_domains"": [""Environmental"", ""Safety""]
    },
    {
      ""type"": ""Technical"",
      ""requirement"": ""Wind turbine foundations must withstand a 100-year storm event"",
      ""scope"": ""All offshore structures"",
      ""numerical_value"": 100,
      ""unit"": ""years"",
      ""source"": ""ISO 19901-4"",
      ""related_domains"": [""Technical"", ""Safety""]
    }
  ],
  ""regulatory_entities"": [
    {
      ""entity_name"": ""Bureau of Ocean Energy Management (BOEM)"",
      ""jurisdiction"": ""Federal (U.S.)"",
      ""role"": ""Lease issuance and environmental compliance enforcement""
    }
  ]
}
```  

Let me know if you'd like to test this with a real document!"
"34",18,"deepseek","deepseek-chat",True,"Understood. Since you haven't provided a specific document for analysis, I'll return a null response as instructed. Here's the structured output:

```json
{
  ""document_metadata"": {
    ""title"": null,
    ""document_number"": null,
    ""type_of_wind_farm"": null
  },
  ""regulatory_constraints"": null,
  ""regulatory_entities"": null
}
```

When you provide a technical document related to offshore wind farm planning, construction, or operation, I'll analyze it and extract the relevant regulatory information according to the specified JSON format. The analysis will focus specifically on:
1. Clear regulatory requirements with measurable constraints
2. Authoritative bodies with jurisdiction over wind farm development
3. Standards and specifications that must be complied with

Please share the document you'd like analyzed, and I'll provide the structured extraction."
"34",19,"deepseek","deepseek-chat",True,"Understood. Since you haven't provided a specific document for analysis, I'll demonstrate the output format with a generic example based on typical offshore wind regulatory content. When you provide an actual document, I'll analyze it precisely according to your instructions.

Example Output (for illustration only):

```json
{
  ""document_metadata"": {
    ""title"": ""North Sea Offshore Wind Development Framework"",
    ""document_number"": ""NS-OWF-2023-01"",
    ""type_of_wind_farm"": ""Offshore""
  },
  ""regulatory_constraints"": [
    {
      ""type"": ""Environmental"",
      ""requirement"": ""All turbine foundations must undergo marine mammal impact assessment prior to installation"",
      ""scope"": ""North Sea Exclusive Economic Zone"",
      ""numerical_value"": null,
      ""unit"": null,
      ""source"": ""OSPAR Convention Annex IV"",
      ""related_domains"": [""environmental"", ""construction""]
    },
    {
      ""type"": ""Technical"",
      ""requirement"": ""Substation platforms shall withstand wave heights with 100-year return period"",
      ""scope"": ""All offshore installations"",
      ""numerical_value"": 16.2,
      ""unit"": ""meters"",
      ""source"": ""IEC 61400-3-1"",
      ""related_domains"": [""structural engineering"", ""safety""]
    }
  ],
  ""regulatory_entities"": [
    {
      ""entity_name"": ""Marine Management Organisation"",
      ""jurisdiction"": ""UK territorial waters"",
      ""role"": ""Permitting and environmental compliance""
    },
    {
      ""entity_name"": ""Bundesamt für Seeschifffahrt und Hydrographie"",
      ""jurisdiction"": ""German EEZ"",
      ""role"": ""Spatial planning approval""
    }
  ]
}
```

Key features demonstrated:
1. Strict regulatory requirements only (no descriptive text)
2. Proper categorization of constraint types
3. Inclusion of standards (IEC) without numerical values
4. Clear jurisdiction scoping for entities
5. Null values where no numerical data exists

When you provide an actual document, I will:
1. Analyze only the given text
2. Exclude any non-regulatory content
3. Maintain strict adherence to your specified JSON schema
4. Focus exclusively on offshore wind-related regulations

Please share the document you'd like analyzed."
"34",20,"deepseek","deepseek-chat",True,"Understood. Since you haven't provided a specific document for analysis, I'll return a null response as instructed. Here's the structured output:

```json
{
  ""document_metadata"": {
    ""title"": null,
    ""document_number"": null,
    ""type_of_wind_farm"": null
  },
  ""regulatory_constraints"": null,
  ""regulatory_entities"": null
}
```

When you provide a document, I'll analyze it and extract the relevant regulatory information according to the specified format, focusing only on concrete requirements and authoritative entities related to offshore wind farm development. 

For optimal results, please provide:
1. The complete document text
2. Any available metadata (title, document number, etc.)
3. Confirmation if it's specifically about offshore wind (if not clear from content)

I'll then return a properly structured analysis with only regulatory-relevant information."
"34",21,"deepseek","deepseek-chat",True,"Understood! Please provide the technical document or text you'd like me to analyze, and I will extract the relevant regulatory entities and constraints in the specified JSON format.  

If no document is provided, here’s an example of the output structure with null values (per your instructions):  

```json
{
  ""document_metadata"": {
    ""title"": null,
    ""document_number"": null,
    ""type_of_wind_farm"": null
  },
  ""regulatory_constraints"": null,
  ""regulatory_entities"": null
}
```

To proceed, share the document text, and I will:  
1. Identify **regulatory constraints** (e.g., spatial setbacks, noise limits, turbine height standards).  
2. Extract **regulatory entities** (e.g., BOEM, IMO, DNV).  
3. Structure the data strictly per your schema.  

Let me know how you'd like to proceed!"
"34",22,"deepseek","deepseek-chat",True,"Understood. Since you haven't provided a specific document for analysis, I'll return a null response as instructed. When you provide a technical or regulatory document related to offshore wind farms, I'll extract the relevant information and structure it according to the specified JSON format.

```json
{
  ""document_metadata"": {
    ""title"": null,
    ""document_number"": null,
    ""type_of_wind_farm"": null
  },
  ""regulatory_constraints"": null,
  ""regulatory_entities"": null
}
```

Please share the document you'd like analyzed, and I'll extract the regulatory entities and constraints according to the given schema. For offshore wind farms, I'll focus on maritime authorities, environmental agencies, technical standards bodies, and their specific requirements while excluding irrelevant zoning information."
"34",23,"deepseek","deepseek-chat",True,"Understood. Since you haven't provided a specific document for analysis, I'll return a null response as instructed. Here's the structured output:

```json
{
  ""document_metadata"": {
    ""title"": null,
    ""document_number"": null,
    ""type_of_wind_farm"": null
  },
  ""regulatory_constraints"": null,
  ""regulatory_entities"": null
}
```

When you provide a document or text to analyze, I'll extract the relevant regulatory information according to the specified format, following all the guidelines you've outlined (focusing on strict regulations, excluding descriptive content, omitting zoning ordinances for offshore projects, including standards specifications, etc.).

Please share the document or text you'd like me to analyze, and I'll provide a properly structured extraction of the regulatory information."
