Hurricane_ID,Hurricane_Name,Hurricane_Type,datetime,distance_km,Arrival_Time,wind_speed_ms,wind_direction,max_wind_ms,category,pressure,wind_speed_change_rate,wind_direction_change_rate,duration_above_cut_out,quadrant
AL182012,SANDY,Historical,2012-10-21 18:00:00,2678.7520020987445,2012-10-29 06:00:00,0.12991943549422552,83.52604403132767,12.8611,Tropical Depression,1006.0,0.0,0.0,0.0,NE
AL182012,SANDY,Historical,2012-10-22 00:00:00,2727.209894549616,2012-10-29 06:00:00,0.1264807487445666,82.70432326165076,12.8611,Tropical Depression,1005.0,-0.0005731144582764858,-0.13695346161281918,0.0,NE
AL182012,SANDY,Historical,2012-10-22 06:00:00,2776.1176045718207,2012-10-29 06:00:00,0.12316118180763826,81.91200069256843,12.8611,Tropical Depression,1003.0,-0.0005532611561547251,-0.1320537615137217,0.0,NE
AL182012,SANDY,Historical,2012-10-22 12:00:00,2825.4558379597047,2012-10-29 06:00:00,0.14394827801909313,81.14781373281465,15.43332,Tropical Depression,1002.0,0.0034645160352424786,-0.12736449329229532,0.0,NE
AL182012,SANDY,Historical,2012-10-22 18:00:00,2870.9436231810027,2012-10-29 06:00:00,0.16397334414559334,81.06534885050883,18.00554,Tropical Storm,1000.0,0.0033375110210833677,-0.01374414705097138,0.0,NE
AL182012,SANDY,Historical,2012-10-23 00:00:00,2878.0250759902997,2012-10-29 06:00:00,0.18670846943581346,81.7543128376995,20.57776,Tropical Storm,998.0,0.00378918754837002,0.11482733119844586,0.0,NE
AL182012,SANDY,Historical,2012-10-23 06:00:00,2841.2137454673534,2012-10-29 06:00:00,0.19034024720076678,82.32253153479326,20.57776,Tropical Storm,998.0,0.0006052962941588876,0.0947031161822925,0.0,NE
AL182012,SANDY,Historical,2012-10-23 12:00:00,2783.6275298143223,2012-10-29 06:00:00,0.19626288624501256,82.62276822725732,20.57776,Tropical Storm,995.0,0.0009871065073742968,0.050039448744011374,0.0,NE
AL182012,SANDY,Historical,2012-10-23 18:00:00,2713.9905611720847,2012-10-29 06:00:00,0.22932657926262837,83.13954011962414,23.14998,Tropical Storm,993.0,0.005510615502935967,0.08612864872780317,0.0,NE
AL182012,SANDY,Historical,2012-10-24 00:00:00,2633.483537933509,2012-10-29 06:00:00,0.2932047343005438,83.65714023176315,28.294420000000002,Tropical Storm,990.0,0.010646359172985903,0.08626668535650121,0.0,NE
AL182012,SANDY,Historical,2012-10-24 06:00:00,2531.9134577976633,2012-10-29 06:00:00,0.33924473521046694,83.90680717816855,30.86664,Tropical Storm,987.0,0.007673333484987194,0.041611157734233,0.0,NE
AL182012,SANDY,Historical,2012-10-24 12:00:00,2419.3182943731154,2012-10-29 06:00:00,0.39339051674199316,84.15069544365167,33.43886,Category 1,981.0,0.009024296921921035,0.040648044247186974,0.0,NE
AL182012,SANDY,Historical,2012-10-24 18:00:00,2295.6926051667833,2012-10-29 06:00:00,0.4909475365681778,84.39146451703118,38.5833,Category 1,972.0,0.01625950330436411,0.04012817889658512,0.0,NE
AL182012,SANDY,Historical,2012-10-24 19:00:00,2272.7052281808164,2012-10-29 06:00:00,0.49839053859091254,84.61542251545973,38.5833,Category 1,971.0,0.007443002022734734,0.22395799842854555,0.0,NE
AL182012,SANDY,Historical,2012-10-25 00:00:00,2160.2650337719747,2012-10-29 06:00:00,0.6093537547622119,84.92560956266698,43.727740000000004,Category 2,964.0,0.02219264323425987,0.06203740944145011,0.0,NE
AL182012,SANDY,Historical,2012-10-25 05:25:00,2035.5062540320248,2012-10-29 06:00:00,0.7835373998481011,85.86758387727161,51.4444,Category 3,954.0,0.03215698063124109,0.17390295038854814,0.0,NE
AL182012,SANDY,Historical,2012-10-25 06:00:00,2024.4053088902635,2012-10-29 06:00:00,0.789966036732412,85.84492024408871,51.4444,Category 3,954.0,0.011020520373104288,-0.038851942599259406,0.0,NE
AL182012,SANDY,Historical,2012-10-25 09:00:00,1933.9345214528264,2012-10-29 06:00:00,0.8035185627734555,86.63934026593313,48.87218,Category 2,960.0,0.004517508680347837,0.2648066739481389,0.0,NE
AL182012,SANDY,Historical,2012-10-25 12:00:00,1844.1680866006502,2012-10-29 06:00:00,0.8626296831012281,87.16691354358028,48.87218,Category 2,966.0,0.019703706775924222,0.17585775921571667,0.0,NE
AL182012,SANDY,Historical,2012-10-25 18:00:00,1665.6289574883667,2012-10-29 06:00:00,0.9513859140178141,87.62838389416993,46.29996,Category 2,963.0,0.014792705152764336,0.076911725098275,0.0,NE
AL182012,SANDY,Historical,2012-10-26 00:00:00,1502.2080737032206,2012-10-29 06:00:00,0.9248457177136625,84.82474766947041,38.5833,Category 1,965.0,-0.004423366050691935,-0.4672727041165861,0.0,NE
AL182012,SANDY,Historical,2012-10-26 06:00:00,1407.0206270665064,2012-10-29 06:00:00,0.9516525461072609,82.20839290664412,36.01108,Category 1,968.0,0.0044678047322663965,-0.43605912713771505,0.0,NE
AL182012,SANDY,Historical,2012-10-26 12:00:00,1336.1330583614322,2012-10-29 06:00:00,0.954410684130513,79.40657638421669,33.43886,Category 1,970.0,0.00045968967054201465,-0.4669694204045716,0.0,NE
AL182012,SANDY,Historical,2012-10-26 18:00:00,1275.0318317621156,2012-10-29 06:00:00,1.0232921478323582,77.39585271623821,33.43886,Category 1,971.0,0.011480243950307537,-0.33512061132974696,0.0,NE
AL182012,SANDY,Historical,2012-10-27 00:00:00,1218.5624176950184,2012-10-29 06:00:00,1.0104394194596127,77.33607426400647,30.86664,Tropical Storm,969.0,-0.0021421213954575893,-0.00996307537195662,0.0,NE
AL182012,SANDY,Historical,2012-10-27 06:00:00,1149.4563540746055,2012-10-29 06:00:00,1.1020793216349194,77.6861176204144,30.86664,Tropical Storm,968.0,0.015273317029217784,0.05834055940132051,0.0,NE
AL182012,SANDY,Historical,2012-10-27 12:00:00,1066.3712013383029,2012-10-29 06:00:00,1.4373628885045675,79.12120517696235,36.01108,Category 1,956.0,0.055880594478274676,0.23918125942465923,0.0,NE
AL182012,SANDY,Historical,2012-10-27 18:00:00,956.6917583156246,2012-10-29 06:00:00,1.6884623881432705,83.8726935788402,36.01108,Category 1,960.0,0.0418499166064505,0.7919147336463084,0.0,NE
AL182012,SANDY,Historical,2012-10-28 00:00:00,863.98652212663,2012-10-29 06:00:00,1.8232537978048398,89.85252084176045,33.43886,Category 1,960.0,0.02246523494359487,0.9966378771533754,0.0,NE
AL182012,SANDY,Historical,2012-10-28 06:00:00,778.2854000054074,2012-10-29 06:00:00,2.127519678411147,96.38529942003657,33.43886,Category 1,959.0,0.05071098010105124,1.088796429712687,0.0,NW
AL182012,SANDY,Historical,2012-10-28 12:00:00,713.6927850527952,2012-10-29 06:00:00,2.4173163880736963,104.99964671363011,33.43886,Category 1,954.0,0.04829945161042486,1.4357245489322565,0.0,NW
AL182012,SANDY,Historical,2012-10-28 18:00:00,654.7076861067286,2012-10-29 06:00:00,2.744206668287943,116.1023199936136,33.43886,Category 1,952.0,0.054481713369041104,1.8504455466639151,0.0,NW
AL182012,SANDY,Historical,2012-10-29 00:00:00,587.6441004478745,2012-10-29 06:00:00,3.462486641364696,130.10090754621228,36.01108,Category 1,950.0,0.11971332884612555,2.3330979254331132,0.0,NW
AL182012,SANDY,Historical,2012-10-29 06:00:00,497.5221492677573,2012-10-29 06:00:00,5.044003802060377,144.60520415501293,41.15552,Category 1,947.0,0.2635861934492802,2.4173827681334408,0.0,NW
AL182012,SANDY,Historical,2012-10-29 12:00:00,358.2304435037106,2012-10-29 06:00:00,8.5954644404837,159.58057635042383,43.727740000000004,Category 2,945.0,0.5919101064038873,2.4958953659018164,0.0,NW
AL182012,SANDY,Historical,2012-10-29 18:00:00,129.21784440896874,2012-10-29 06:00:00,30.925241438178315,181.16124190831377,41.15552,Category 1,940.0,3.721629499615769,3.5967775929816574,6.0,SW
AL182012,SANDY,Historical,2012-10-29 21:00:00,83.4944537897954,2012-10-29 06:00:00,44.674255196900546,217.93327028359832,38.5833,Category 1,943.0,4.583004586240744,12.257342791761516,6.0,SW
AL182012,SANDY,Historical,2012-10-29 23:30:00,127.96919072036819,2012-10-29 06:00:00,27.359808717680295,256.08312256669865,36.01108,Category 1,945.0,-6.9257785916881005,15.259940913240133,7.5,SW
AL182012,SANDY,Historical,2012-10-30 00:00:00,137.65417791941783,2012-10-29 06:00:00,25.152534186735185,261.67434966957285,36.01108,Category 1,946.0,-4.41454906189022,11.1824542057484,2.0,SW
AL182012,SANDY,Historical,2012-10-30 06:00:00,223.73717162083756,2012-10-29 06:00:00,10.681074068644646,313.00000770096585,28.294420000000002,Tropical Storm,960.0,-2.4119100196817564,8.5542763385655,24.0,SE
AL182012,SANDY,Historical,2012-10-30 12:00:00,337.1832350528707,2012-10-29 06:00:00,5.509498412719788,329.6067373544469,25.7222,Tropical Storm,978.0,-0.8619292759874764,2.767788275580178,24.0,SE
AL182012,SANDY,Historical,2012-10-30 18:00:00,433.3005411213204,2012-10-29 06:00:00,3.080298156704351,333.2181257159908,20.57776,Tropical Storm,986.0,-0.4048667093359062,0.6018980602573171,24.0,SE
AL182012,SANDY,Historical,2012-10-31 00:00:00,515.691539446018,2012-10-29 06:00:00,2.094651840468762,334.6105456763876,18.00554,Tropical Storm,992.0,-0.1642743860392648,0.23206999339945847,24.0,SE
AL182012,SANDY,Historical,2012-10-31 06:00:00,574.5286559015972,2012-10-29 06:00:00,1.789332096839289,333.2720614735136,18.00554,Tropical Storm,993.0,-0.0508866239382455,-0.22308070047899756,24.0,SE
AL182012,SANDY,Historical,2012-10-31 12:00:00,626.5089388488674,2012-10-29 06:00:00,1.3510743112572436,331.7844465795067,15.43332,Tropical Depression,995.0,-0.07304296426367422,-0.24793581566781125,24.0,SE
